{
	"info": {
		"_postman_id": "fluxus-api-collection",
		"name": "Fluxus Finance Tracker API",
		"description": "Collection completa da API Fluxus - Rastreador de Finanças Pessoais\n\n## Como usar:\n1. Importe esta collection no Postman ou Insomnia\n2. Configure a variável `baseUrl`:\n   - Produção: `https://fluxus-api.onrender.com`\n   - Local: `http://localhost:3000`\n3. Registre uma conta ou faça login para obter o token\n4. O token será salvo automaticamente na variável `token` após fazer login\n5. Todas as requisições protegidas usarão automaticamente o token\n\n⚠️ Nota: Se você já estiver logado, as rotas de registro e login retornarão erro 403.",
		"schema": "https://schema.getpostman.com/json/collection/v2.1.0/collection.json"
	},
	"item": [
		{
			"name": "Autenticação",
			"description": "Endpoints de autenticação (registro, login, logout, perfil)",
			"item": [
				{
					"name": "Registrar Usuário",
					"request": {
						"method": "POST",
						"header": [
							{
								"key": "Content-Type",
								"value": "application/json"
							}
						],
						"body": {
							"mode": "raw",
							"raw": "{\n  \"email\": \"usuario@email.com\",\n  \"senha\": \"senha123456\",\n  \"nome\": \"Nome do Usuário\"\n}"
						},
						"url": {
							"raw": "{{baseUrl}}/register",
							"host": [
								"{{baseUrl}}"
							],
							"path": [
								"register"
							]
						},
						"description": "Cria uma nova conta de usuário. O campo `nome` é opcional.\n\n⚠️ Se você já estiver logado, receberá um erro 403 informando que precisa fazer logout primeiro."
					},
					"response": []
				},
				{
					"name": "Login",
					"event": [
						{
							"listen": "test",
							"script": {
								"exec": [
									"if (pm.response.code === 200) {",
									"    var jsonData = pm.response.json();",
									"    pm.collectionVariables.set(\"token\", jsonData.token);",
									"    console.log(\"Token salvo automaticamente na variável 'token'\");",
									"}"
								],
								"type": "text/javascript"
							}
						}
					],
					"request": {
						"method": "POST",
						"header": [
							{
								"key": "Content-Type",
								"value": "application/json"
							}
						],
						"body": {
							"mode": "raw",
							"raw": "{\n  \"email\": \"usuario@email.com\",\n  \"senha\": \"senha123456\"\n}"
						},
						"url": {
							"raw": "{{baseUrl}}/login",
							"host": [
								"{{baseUrl}}"
							],
							"path": [
								"login"
							]
						},
						"description": "Faz login e retorna um token JWT. O token é salvo automaticamente na variável `token`.\n\n⚠️ Se você já estiver logado, será redirecionado automaticamente para `/me`."
					},
					"response": []
				},
				{
					"name": "Logout",
					"request": {
						"method": "POST",
						"header": [
							{
								"key": "Authorization",
								"value": "Bearer {{token}}"
							}
						],
						"url": {
							"raw": "{{baseUrl}}/logout",
							"host": [
								"{{baseUrl}}"
							],
							"path": [
								"logout"
							]
						},
						"description": "Faz logout do usuário. Como JWT é stateless, o token não é invalidado no servidor. O cliente deve descartar o token após receber sucesso."
					},
					"response": []
				},
				{
					"name": "Ver Meu Perfil",
					"request": {
						"method": "GET",
						"header": [
							{
								"key": "Authorization",
								"value": "Bearer {{token}}"
							}
						],
						"url": {
							"raw": "{{baseUrl}}/me",
							"host": [
								"{{baseUrl}}"
							],
							"path": [
								"me"
							]
						},
						"description": "Retorna os dados do usuário autenticado.\n\n⚠️ Se você não estiver logado, será redirecionado automaticamente para `/login`."
					},
					"response": []
				}
			],
			"description": "Endpoints de autenticação (registro, login, logout, perfil)"
		},
		{
			"name": "Transações",
			"item": [
				{
					"name": "Listar Transações",
					"request": {
						"method": "GET",
						"header": [
							{
								"key": "Authorization",
								"value": "Bearer {{token}}"
							}
						],
						"url": {
							"raw": "{{baseUrl}}/transacoes?limit=100&offset=0",
							"host": [
								"{{baseUrl}}"
							],
							"path": [
								"transacoes"
							],
							"query": [
								{
									"key": "limit",
									"value": "100",
									"description": "Número máximo de transações (padrão: 100, máximo: 100)"
								},
								{
									"key": "offset",
									"value": "0",
									"description": "Número de transações para pular (padrão: 0)"
								}
							]
						},
						"description": "Lista todas as transações do usuário autenticado com suporte a paginação."
					},
					"response": []
				},
				{
					"name": "Ver Extrato/Saldo",
					"request": {
						"method": "GET",
						"header": [
							{
								"key": "Authorization",
								"value": "Bearer {{token}}"
							}
						],
						"url": {
							"raw": "{{baseUrl}}/transacoes/saldo",
							"host": [
								"{{baseUrl}}"
							],
							"path": [
								"transacoes",
								"saldo"
							]
						},
						"description": "Retorna o extrato financeiro: total de receitas, total de despesas e saldo atual."
					},
					"response": []
				},
				{
					"name": "Buscar Transação por ID",
					"request": {
						"method": "GET",
						"header": [
							{
								"key": "Authorization",
								"value": "Bearer {{token}}"
							}
						],
						"url": {
							"raw": "{{baseUrl}}/transacoes/:id",
							"host": [
								"{{baseUrl}}"
							],
							"path": [
								"transacoes",
								":id"
							],
							"variable": [
								{
									"key": "id",
									"value": "1",
									"description": "ID da transação"
								}
							]
						},
						"description": "Busca uma transação específica pelo ID."
					},
					"response": []
				},
				{
					"name": "Criar Transação",
					"request": {
						"method": "POST",
						"header": [
							{
								"key": "Authorization",
								"value": "Bearer {{token}}"
							},
							{
								"key": "Content-Type",
								"value": "application/json"
							}
						],
						"body": {
							"mode": "raw",
							"raw": "{\n  \"descricao\": \"Salário Mensal\",\n  \"valor\": 5000.00,\n  \"tipo\": \"receita\",\n  \"categoria\": \"Trabalho\"\n}"
						},
						"url": {
							"raw": "{{baseUrl}}/transacoes",
							"host": [
								"{{baseUrl}}"
							],
							"path": [
								"transacoes"
							]
						},
						"description": "Cria uma nova transação. O campo `categoria` é opcional.\n\n**Valores válidos para `tipo`:**\n- `\"receita\"` - Para entradas de dinheiro\n- `\"despesa\"` - Para saídas de dinheiro"
					},
					"response": []
				},
				{
					"name": "Atualizar Transação",
					"request": {
						"method": "PUT",
						"header": [
							{
								"key": "Authorization",
								"value": "Bearer {{token}}"
							},
							{
								"key": "Content-Type",
								"value": "application/json"
							}
						],
						"body": {
							"mode": "raw",
							"raw": "{\n  \"descricao\": \"Salário Atualizado\",\n  \"valor\": 5500.00,\n  \"tipo\": \"receita\",\n  \"categoria\": \"Trabalho\"\n}"
						},
						"url": {
							"raw": "{{baseUrl}}/transacoes/:id",
							"host": [
								"{{baseUrl}}"
							],
							"path": [
								"transacoes",
								":id"
							],
							"variable": [
								{
									"key": "id",
									"value": "1",
									"description": "ID da transação"
								}
							]
						},
						"description": "Atualiza uma transação existente. Todos os campos são opcionais, mas pelo menos um deve ser informado."
					},
					"response": []
				},
				{
					"name": "Deletar Transação",
					"request": {
						"method": "DELETE",
						"header": [
							{
								"key": "Authorization",
								"value": "Bearer {{token}}"
							}
						],
						"url": {
							"raw": "{{baseUrl}}/transacoes/:id",
							"host": [
								"{{baseUrl}}"
							],
							"path": [
								"transacoes",
								":id"
							],
							"variable": [
								{
									"key": "id",
									"value": "1",
									"description": "ID da transação"
								}
							]
						},
						"description": "Deleta uma transação. Retorna status 204 (No Content) em caso de sucesso."
					},
					"response": []
				}
			],
			"description": "Endpoints relacionados a transações financeiras"
		},
		{
			"name": "Sistema",
			"item": [
				{
					"name": "Health Check",
					"request": {
						"method": "GET",
						"header": [],
						"url": {
							"raw": "{{baseUrl}}/health",
							"host": [
								"{{baseUrl}}"
							],
							"path": [
								"health"
							]
						},
						"description": "Verifica o status da API e conexão com o banco de dados."
					},
					"response": []
				},
				{
					"name": "Informações da API",
					"request": {
						"method": "GET",
						"header": [],
						"url": {
							"raw": "{{baseUrl}}/",
							"host": [
								"{{baseUrl}}"
							],
							"path": [
								""
							]
						},
						"description": "Retorna informações sobre a API e endpoints disponíveis."
					},
					"response": []
				}
			],
			"description": "Endpoints de sistema e status"
		}
	],
	"variable": [
		{
			"key": "baseUrl",
			"value": "https://fluxus-api.onrender.com",
			"type": "string"
		},
		{
			"key": "token",
			"value": "",
			"type": "string"
		}
	]
}

